"","NodeID","Gam","Sting","Troph","Liq","Small","Medium","Large","sp1","sp2"
"1",0,0.777,0.9894,0.034,0.1124,0.3896,0.2924,0.318,"Acromyrmex.coronatus","Protanilla.lini"
"2",1,0.759,0.9924,0.042,0.1142,0.407,0.296,0.297,"Acromyrmex.coronatus","Proceratium.pergandei"
"3",2,0.701,0.9906,0.099,0.233,0.2714,0.3522,0.3764,"Acromyrmex.coronatus","Ooceraea.biroi"
"4",3,0.693,0.9896,0.177,0.4804,0.2592,0.3516,0.3892,"Acromyrmex.coronatus","Nothomyrmecia.macrops"
"5",4,0.688,0.9864,0.177,0.5006,0.2338,0.3626,0.4036,"Acromyrmex.coronatus","Brachymyrmex.patagonicus"
"6",5,0.687,0.9896,0.162,0.4992,0.2294,0.3688,0.4018,"Acromyrmex.coronatus","Gnamptogenys.striatula"
"7",6,0.267,0.9896,0.166,0.4616,0.223,0.3734,0.4036,"Acromyrmex.coronatus","Manica.rubida"
"8",7,0.213,0.9896,0.165,0.4118,0.2164,0.374,0.4096,"Acromyrmex.coronatus","Pogonomyrmex.californicus"
"9",8,0.135,0.9862,0.191,0.4164,0.2162,0.365,0.4188,"Acromyrmex.coronatus","Stenamma.impar"
"10",9,0.116,0.9876,0.681,0.4626,0.2222,0.3682,0.4096,"Acromyrmex.coronatus","Monomorium.floricola"
"11",10,0.113,0.9876,0.694,0.464,0.2308,0.3748,0.3944,"Acromyrmex.coronatus","Proatta.butteli"
"12",11,0.081,0.9862,0.702,0.4174,0.2364,0.4284,0.3352,"Acromyrmex.coronatus","Wasmannia.auropunctata"
"13",12,0.079,0.982,0.702,0.3432,0.2376,0.4288,0.3336,"Acromyrmex.coronatus","Basiceros.manni"
"14",13,0.073,0.9806,0.708,0.1732,0.2368,0.4318,0.3314,"Acromyrmex.coronatus","Orectognathus.versicolor"
"15",14,0.065,0.7162,0.712,0.1196,0.2306,0.4418,0.3276,"Acromyrmex.coronatus","Myrmicocrypta.ednaella"
"16",15,0.034,0.0472,0.771,0.037,0.086,0.4576,0.4564,"Acromyrmex.coronatus","Cyphomyrmex.rimosus"
"17",16,0.015,0.0078,0.78,0.0172,0.0302,0.3304,0.6394,"Acromyrmex.coronatus","Acromyrmex.subterraneus"
"18",17,0.011,0.0034,0.777,0.0086,0.0106,0.2064,0.783,"Acromyrmex.coronatus","Acromyrmex.balzani"
"19",18,0.008,0.0014,0.773,0.0064,0.0072,0.1168,0.876,"Acromyrmex.coronatus","Acromyrmex.crassispinus"
"20",19,0.008,6e-04,0.838,0.0064,0.0046,0.088,0.9074,"Acromyrmex.coronatus","Atta.laevigata"
"21",20,0.006,6e-04,0.853,0.0054,0.0024,0.0674,0.9302,"Acromyrmex.coronatus","Atta.texana"
"22",21,0.006,6e-04,0.853,0.0044,0.002,0.0648,0.9332,"Acromyrmex.coronatus","Atta.sexdens"
"23",22,0.006,6e-04,0.855,0.0044,0.002,0.064,0.934,"Acromyrmex.coronatus","Acromyrmex.octospinosus"
"24",23,0,0,0.879,0,0,0,1,"Acromyrmex.coronatus",NA
"25",24,0,0,1,0,0,0,1,"Acromyrmex.octospinosus",NA
"26",25,0.001,6e-04,0.789,2e-04,6e-04,0.1674,0.832,"Acromyrmex.landolti","Atta.sexdens"
"27",26,0,0,1,0,0,1,0,"Acromyrmex.landolti",NA
"28",27,0,0,0,0,0,0,1,"Atta.sexdens",NA
"29",28,0.006,6e-04,0.88,0.005,0.002,0.0564,0.9416,"Acromyrmex.fracticornis","Atta.texana"
"30",29,0,0,0.888,0,0,0,1,"Acromyrmex.fracticornis",NA
"31",30,0,0,1,0,0,0,1,"Atta.texana",NA
"32",31,0,0,1,0,0,0,1,"Atta.laevigata",NA
"33",32,0,0,0,0,0,0,1,"Acromyrmex.crassispinus",NA
"34",33,0.01,0.0028,0.777,0.0066,0.01,0.2066,0.7834,"Atta.cephalotes","Acromyrmex.balzani"
"35",34,0.008,6e-04,0.76,0.0064,0.0044,0.1036,0.892,"Atta.cephalotes","Atta.vollenweideri"
"36",35,0.008,6e-04,0.75,0.0062,0.0044,0.1008,0.8948,"Atta.cephalotes","Atta.colombica"
"37",36,0,0,0,0,0,0,1,"Atta.cephalotes",NA
"38",37,0,0,0.811,0,0,0,1,"Atta.colombica",NA
"39",38,0.002,6e-04,0.834,0.0014,0,0.0258,0.9742,"Atta.mexicana","Atta.vollenweideri"
"40",39,0,0,0.838,0,0,0,1,"Atta.mexicana",NA
"41",40,0,0,0.846,0,0,0,1,"Atta.vollenweideri",NA
"42",41,0,0,1,0,0,1,0,"Acromyrmex.balzani",NA
"43",42,0,0,1,0,0,1,0,"Acromyrmex.subterraneus",NA
"44",43,0,0,1,0,0,1,0,"Cyphomyrmex.rimosus",NA
"45",44,0.059,0.702,0.712,0.0948,0.2484,0.4838,0.2678,"Apterostigma.collare","Myrmicocrypta.ednaella"
"46",45,0.031,0.0698,0.825,0.059,0.3714,0.527,0.1016,"Apterostigma.collare","Apterostigma.dentigerum"
"47",46,0,0,0.984,0,1,0,0,"Apterostigma.collare",NA
"48",47,0,0,0.83,0,0,1,0,"Apterostigma.dentigerum",NA
"49",48,0,1,0.516,0,0,1,0,"Myrmicocrypta.ednaella",NA
"50",49,0.069,0.9854,0.711,0.1718,0.2388,0.437,0.3242,"Acanthognathus.ocellatus","Orectognathus.versicolor"
"51",50,0.026,0.9948,0.633,0.0426,0.8434,0.1362,0.0204,"Acanthognathus.ocellatus","Acanthognathus.rudis"
"52",51,0,1,0.645,0,1,0,0,"Acanthognathus.ocellatus",NA
"53",52,0,1,0.599,0,1,0,0,"Acanthognathus.rudis",NA
"54",53,0.066,0.9854,0.723,0.1802,0.2302,0.4382,0.3316,"Daceton.armigerum","Orectognathus.versicolor"
"55",54,0,1,1,1,0,0,1,"Daceton.armigerum",NA
"56",55,0,1,1,0,0,1,0,"Orectognathus.versicolor",NA
"57",56,0.073,0.9776,0.688,0.3442,0.2432,0.4404,0.3164,"Pheidole.bicornis","Basiceros.manni"
"58",57,0.069,0.1942,0.756,0.6494,0.2134,0.4578,0.3288,"Pheidole.bicornis","Cephalotes.atratus"
"59",58,0.058,0.0496,0.854,0.825,0.1816,0.4844,0.334,"Pheidole.bicornis","Pheidole.megacephala"
"60",59,0.035,0.01,0.954,0.9042,0.092,0.7682,0.1398,"Pheidole.bicornis","Pheidole.pallidula"
"61",60,0.03,0.0074,0.963,0.9078,0.0722,0.8096,0.1182,"Pheidole.bicornis","Pheidole.dentata"
"62",61,0.011,0.0046,0.976,0.9036,0.047,0.8952,0.0578,"Pheidole.bicornis","Pheidole.morrisii"
"63",62,0.006,0.0016,0.989,0.8696,0.0252,0.9482,0.0266,"Pheidole.bicornis","Pheidole.spadonia"
"64",63,0,0,1,0,0,1,0,"Pheidole.bicornis",NA
"65",64,0,0,1,1,0,1,0,"Pheidole.spadonia",NA
"66",65,0,0,1,1,0,1,0,"Pheidole.morrisii",NA
"67",66,0,0,1,1,0,1,0,"Pheidole.dentata",NA
"68",67,0,0,1,1,0,1,0,"Pheidole.pallidula",NA
"69",68,0.045,0.0216,0.91,0.8968,0.155,0.4042,0.4408,"Pheidole.fallax","Pheidole.megacephala"
"70",69,0.043,0.019,0.915,0.9076,0.1678,0.4068,0.4254,"Pheidole.fallax","Pheidole.specularis"
"71",70,0,0,1,1,0,0,1,"Pheidole.fallax",NA
"72",71,0,0,1,1,1,0,0,"Pheidole.specularis",NA
"73",72,0,0,1,1,0,0,1,"Pheidole.megacephala",NA
"74",73,0.032,0.0238,0.932,0.9232,0.0662,0.6014,0.3324,"Cephalotes.goniodontus","Cephalotes.atratus"
"75",74,0.026,0.0072,0.962,0.9612,0.0536,0.7792,0.1672,"Cephalotes.goniodontus","Cephalotes.varians"
"76",75,0.025,0.0052,0.971,0.967,0.0496,0.8178,0.1326,"Cephalotes.goniodontus","Cephalotes.texanus"
"77",76,0,0,1,1,0,1,0,"Cephalotes.goniodontus",NA
"78",77,0,0,1,1,0,1,0,"Cephalotes.texanus",NA
"79",78,0.021,0.0044,0.97,0.9706,0.0512,0.8348,0.114,"Cephalotes.pusillus","Cephalotes.varians"
"80",79,0,0,1,1,0,1,0,"Cephalotes.pusillus",NA
"81",80,0,0,1,1,0,1,0,"Cephalotes.varians",NA
"82",81,0,0,1,1,0,0,1,"Cephalotes.atratus",NA
"83",82,0.064,0.9884,0.121,0.188,0.3594,0.4286,0.212,"Strumigenys.rogeri","Basiceros.manni"
"84",83,0.045,0.996,0.088,0.1596,0.6122,0.3178,0.07,"Strumigenys.rogeri","Strumigenys.louisianae"
"85",84,0.036,0.9976,0.021,0.184,0.6088,0.3484,0.0428,"Strumigenys.rogeri","Strumigenys.membranifera"
"86",85,0.032,0.9976,0.017,0.192,0.6092,0.352,0.0388,"Strumigenys.rogeri","Strumigenys.serrula"
"87",86,0.024,0.998,0.015,0.318,0.5462,0.4144,0.0394,"Strumigenys.rogeri","Strumigenys.emarginata"
"88",87,0.024,0.9984,0.015,0.3198,0.545,0.4184,0.0366,"Strumigenys.rogeri","Strumigenys.solifontis"
"89",88,0,1,0.012,0,1,0,0,"Strumigenys.rogeri",NA
"90",89,0,1,0.021,1,0,1,0,"Strumigenys.solifontis",NA
"91",90,0,1,0.02,1,0,1,0,"Strumigenys.emarginata",NA
"92",91,0,1,0.021,0,1,0,0,"Strumigenys.serrula",NA
"93",92,0.022,0.998,0.016,0.2066,0.599,0.3706,0.0304,"Strumigenys.hexamera","Strumigenys.membranifera"
"94",93,0,1,0.01,0,1,0,0,"Strumigenys.hexamera",NA
"95",94,0,1,0,1,0,1,0,"Strumigenys.membranifera",NA
"96",95,0.045,0.9966,0.089,0.153,0.6432,0.2956,0.0612,"Strumigenys.lewisi","Strumigenys.louisianae"
"97",96,0.044,0.997,0.089,0.153,0.6538,0.288,0.0582,"Strumigenys.lewisi","Strumigenys.lujae"
"98",97,0.04,0.997,0.097,0.1736,0.6478,0.2978,0.0544,"Strumigenys.lewisi","Strumigenys.rostrata"
"99",98,0,1,1,1,1,0,0,"Strumigenys.lewisi",NA
"100",99,0,1,0,0,0,1,0,"Strumigenys.rostrata",NA
"101",100,0,1,0,0,1,0,0,"Strumigenys.lujae",NA
"102",101,0,1,1,0,1,0,0,"Strumigenys.louisianae",NA
"103",102,0.053,0.9916,0.063,0.0992,0.3796,0.4614,0.159,"Eurhopalothrix.biroi","Basiceros.manni"
"104",103,0.04,0.9932,0.051,0.0682,0.241,0.6094,0.1496,"Eurhopalothrix.biroi","Eurhopalothrix.heliscata"
"105",104,0,1,0,0,0,1,0,"Eurhopalothrix.biroi",NA
"106",105,0,1,0,0,0,1,0,"Eurhopalothrix.heliscata",NA
"107",106,0,1,0,0,1,0,0,"Basiceros.manni",NA
"108",107,0.057,0.9898,0.792,0.7212,0.1966,0.55,0.2534,"Blepharidatta.conops","Wasmannia.auropunctata"
"109",108,0,1,0.875,1,0,1,0,"Blepharidatta.conops",NA
"110",109,0,1,1,1,0,1,0,"Wasmannia.auropunctata",NA
"111",110,0.108,0.9892,0.861,0.551,0.2538,0.3812,0.365,"Cardiocondyla.emeryi","Proatta.butteli"
"112",111,0.107,0.9892,0.864,0.5678,0.255,0.3886,0.3564,"Cardiocondyla.emeryi","Pristomyrmex.punctatus"
"113",112,0.107,0.9892,0.864,0.5724,0.2574,0.406,0.3366,"Cardiocondyla.emeryi","Metapone.madagascarica"
"114",113,0.103,0.9892,0.889,0.5954,0.2578,0.415,0.3272,"Cardiocondyla.emeryi","Cataulacus.muticus"
"115",114,0.096,0.9892,0.914,0.7908,0.2674,0.4206,0.312,"Cardiocondyla.emeryi","Xenomyrmex.floridanus"
"116",115,0.083,0.9868,0.921,0.8276,0.264,0.4352,0.3008,"Cardiocondyla.emeryi","Crematogaster.cerasi"
"117",116,0.078,0.988,0.93,0.8498,0.2838,0.432,0.2842,"Cardiocondyla.emeryi","Meranoplus.mucronatus"
"118",117,0.075,0.9882,0.938,0.8624,0.3456,0.4382,0.2162,"Cardiocondyla.emeryi","Nesomyrmex.spininodis"
"119",118,0.069,0.984,0.946,0.8692,0.3542,0.4576,0.1882,"Cardiocondyla.emeryi","Ocymyrmex.foreli"
"120",119,0.037,0.9944,0.97,0.8832,0.4492,0.4804,0.0704,"Cardiocondyla.emeryi","Cardiocondyla.koshewnikovi"
"121",120,0.029,0.995,0.974,0.8808,0.4142,0.5226,0.0632,"Cardiocondyla.emeryi","Cardiocondyla.obscurior"
"122",121,0.02,0.9978,0.981,0.8194,0.4488,0.5268,0.0244,"Cardiocondyla.emeryi","Cardiocondyla.nuda"
"123",122,0,1,1,1,1,0,0,"Cardiocondyla.emeryi",NA
"124",123,0,1,1,0,0,1,0,"Cardiocondyla.nuda",NA
"125",124,0.003,0.9996,0.998,0.992,0.0174,0.9726,0.01,"Cardiocondyla.mauritanica","Cardiocondyla.obscurior"
"126",125,0,1,1,1,0,1,0,"Cardiocondyla.mauritanica",NA
"127",126,0,1,1,1,0,1,0,"Cardiocondyla.obscurior",NA
"128",127,0,1,1,1,1,0,0,"Cardiocondyla.koshewnikovi",NA
"129",128,0,0,1,1,0,1,0,"Ocymyrmex.foreli",NA
"130",129,0.055,0.9908,0.945,0.887,0.633,0.2688,0.0982,"Nesomyrmex.echinatinodis","Nesomyrmex.spininodis"
"131",130,0,1,1,1,1,0,0,"Nesomyrmex.echinatinodis",NA
"132",131,0,1,1,1,1,0,0,"Nesomyrmex.spininodis",NA
"133",132,0,1,1,1,0,0,1,"Meranoplus.mucronatus",NA
"134",133,0.062,0.037,0.943,0.8482,0.1518,0.5756,0.2726,"Crematogaster.rogenhoferi","Crematogaster.cerasi"
"135",134,0.061,0.0268,0.944,0.8496,0.1414,0.587,0.2716,"Crematogaster.rogenhoferi","Crematogaster.scutellaris"
"136",135,0.047,0.0158,0.955,0.9042,0.0936,0.6046,0.3018,"Crematogaster.rogenhoferi","Crematogaster.ashmeadi"
"137",136,0.039,0.0132,0.963,0.9292,0.0782,0.7424,0.1794,"Crematogaster.rogenhoferi","Crematogaster.sordidula"
"138",137,0,0,1,1,0,1,0,"Crematogaster.rogenhoferi",NA
"139",138,0,0,1,1,0,1,0,"Crematogaster.sordidula",NA
"140",139,0,0,1,1,0,0,1,"Crematogaster.ashmeadi",NA
"141",140,0.042,0.0184,0.953,0.788,0.1312,0.6584,0.2104,"Crematogaster.minutissima","Crematogaster.scutellaris"
"142",141,0,0,1,0,0,1,0,"Crematogaster.minutissima",NA
"143",142,0,0,1,1,0,1,0,"Crematogaster.scutellaris",NA
"144",143,0.03,0.0182,0.96,0.9236,0.1088,0.727,0.1642,"Crematogaster.auberti","Crematogaster.cerasi"
"145",144,0,0,1,1,0,1,0,"Crematogaster.auberti",NA
"146",145,0,0,1,1,0,1,0,"Crematogaster.cerasi",NA
"147",146,0.08,0.9916,0.922,0.8258,0.3512,0.3832,0.2656,"Acanthomyrmex.ferox","Xenomyrmex.floridanus"
"148",147,0.039,0.9958,0.956,0.9338,0.8276,0.1544,0.018,"Acanthomyrmex.ferox","Acanthomyrmex.notabilis"
"149",148,0,1,1,1,1,0,0,"Acanthomyrmex.ferox",NA
"150",149,0,1,1,1,1,0,0,"Acanthomyrmex.notabilis",NA
"151",150,0.078,0.992,0.929,0.842,0.3598,0.3732,0.267,"Atopomyrmex.mocquerysi","Xenomyrmex.floridanus"
"152",151,0,1,1,1,0,0,1,"Atopomyrmex.mocquerysi",NA
"153",152,0,1,1,1,1,0,0,"Xenomyrmex.floridanus",NA
"154",153,0.099,0.9878,0.895,0.583,0.2432,0.4322,0.3246,"Carebara.diversa","Cataulacus.muticus"
"155",154,0.065,0.9932,0.934,0.375,0.1174,0.5418,0.3408,"Carebara.diversa","Carebara.perpusilla"
"156",155,0.059,0.9936,0.937,0.3754,0.1086,0.5378,0.3536,"Carebara.diversa","Carebara.overbecki"
"157",156,0,1,1,1,0,0,1,"Carebara.diversa",NA
"158",157,0,1,1,0,0,1,0,"Carebara.overbecki",NA
"159",158,0,1,1,0,0,1,0,"Carebara.perpusilla",NA
"160",159,0,0,1,1,0,1,0,"Cataulacus.muticus",NA
"161",160,1,1,0,0,1,0,0,"Metapone.madagascarica",NA
"162",161,0,1,1,1,0,0,1,"Pristomyrmex.punctatus",NA
"163",162,0.099,0.9892,0.882,0.551,0.2556,0.3824,0.362,"Temnothorax.andrei","Proatta.butteli"
"164",163,0.09,0.9888,0.89,0.5732,0.264,0.3886,0.3474,"Temnothorax.andrei","Myrmecina.graminicola"
"165",164,0.048,0.9962,0.944,0.877,0.3504,0.5074,0.1422,"Temnothorax.andrei","Formicoxenus.provancheri"
"166",165,0.017,0.9992,0.978,0.9616,0.3812,0.559,0.0598,"Temnothorax.andrei","Temnothorax.nylanderi"
"167",166,0.017,0.9992,0.979,0.9614,0.384,0.5578,0.0582,"Temnothorax.andrei","Temnothorax.albipennis"
"168",167,0.014,0.9992,0.98,0.9624,0.4212,0.532,0.0468,"Temnothorax.andrei","Temnothorax.curvispinosus"
"169",168,0.011,0.9994,0.983,0.9618,0.4058,0.5606,0.0336,"Temnothorax.andrei","Temnothorax.unifasciatus"
"170",169,0.01,0.9994,0.984,0.956,0.3892,0.5788,0.032,"Temnothorax.andrei","Temnothorax.interruptus"
"171",170,0.008,0.9994,0.982,0.9046,0.4062,0.568,0.0258,"Temnothorax.andrei","Temnothorax.nigriceps"
"172",171,0,1,0.962,0,1,0,0,"Temnothorax.andrei",NA
"173",172,0,1,1,1,0,1,0,"Temnothorax.nigriceps",NA
"174",173,0,1,1,1,0,1,0,"Temnothorax.interruptus",NA
"175",174,0.008,0.9994,0.985,0.972,0.4366,0.5374,0.026,"Temnothorax.longispinosus","Temnothorax.unifasciatus"
"176",175,0,1,1,1,1,0,0,"Temnothorax.longispinosus",NA
"177",176,0,1,1,1,0,1,0,"Temnothorax.unifasciatus",NA
"178",177,0.006,0.9992,0.989,0.9784,0.7814,0.2094,0.0092,"Temnothorax.parvulus","Temnothorax.curvispinosus"
"179",178,0.006,0.9994,0.99,0.9814,0.7924,0.201,0.0066,"Temnothorax.parvulus","Temnothorax.ambiguus"
"180",179,0.005,0.9994,0.99,0.9814,0.7874,0.2064,0.0062,"Temnothorax.parvulus","Temnothorax.tuberum"
"181",180,0,1,1,1,1,0,0,"Temnothorax.parvulus",NA
"182",181,0,1,1,1,0,1,0,"Temnothorax.tuberum",NA
"183",182,0,1,1,1,1,0,0,"Temnothorax.ambiguus",NA
"184",183,0,1,1,1,1,0,0,"Temnothorax.curvispinosus",NA
"185",184,0,1,1,1,0,1,0,"Temnothorax.albipennis",NA
"186",185,0.015,0.9992,0.98,0.9654,0.3782,0.5632,0.0586,"Temnothorax.crassispinus","Temnothorax.nylanderi"
"187",186,0.009,0.9992,0.985,0.9806,0.4378,0.5314,0.0308,"Temnothorax.crassispinus","Temnothorax.rugatulus"
"188",187,0,1,1,1,1,0,0,"Temnothorax.crassispinus",NA
"189",188,0,1,1,1,0,1,0,"Temnothorax.rugatulus",NA
"190",189,0,1,1,1,0,1,0,"Temnothorax.nylanderi",NA
"191",190,0.03,0.9972,0.967,0.9284,0.3882,0.5452,0.0666,"Leptothorax.acervorum","Formicoxenus.provancheri"
"192",191,0.005,0.9994,0.99,0.986,0.0442,0.9324,0.0234,"Leptothorax.acervorum","Leptothorax.muscorum"
"193",192,0,1,1,1,0,1,0,"Leptothorax.acervorum",NA
"194",193,0,1,1,1,0,1,0,"Leptothorax.muscorum",NA
"195",194,0,1,1,1,1,0,0,"Formicoxenus.provancheri",NA
"196",195,0.086,0.9868,0.892,0.5686,0.2684,0.386,0.3456,"Tetramorium.alpestre","Myrmecina.graminicola"
"197",196,0.037,0.9976,0.961,0.9514,0.014,0.1892,0.7968,"Tetramorium.alpestre","Tetramorium.semilaeve"
"198",197,0.027,0.998,0.97,0.9654,0.009,0.1512,0.8398,"Tetramorium.alpestre","Tetramorium.impurum"
"199",198,0.014,0.998,0.983,0.9848,0.0028,0.0734,0.9238,"Tetramorium.alpestre","Tetramorium.tsushimae"
"200",199,0,1,1,1,0,0,1,"Tetramorium.alpestre",NA
"201",200,0,1,1,1,0,0,1,"Tetramorium.tsushimae",NA
"202",201,0,1,1,1,0,0,1,"Tetramorium.impurum",NA
"203",202,0.035,0.9976,0.963,0.9538,0.0124,0.1832,0.8044,"Tetramorium.bicarinatum","Tetramorium.semilaeve"
"204",203,0.03,0.998,0.966,0.9636,0.014,0.2338,0.7522,"Tetramorium.bicarinatum","Tetramorium.simillimum"
"205",204,0,1,1,1,0,0,1,"Tetramorium.bicarinatum",NA
"206",205,0,1,1,1,0,1,0,"Tetramorium.simillimum",NA
"207",206,0.035,0.9976,0.964,0.9552,0.012,0.1806,0.8074,"Tetramorium.caespitum","Tetramorium.semilaeve"
"208",207,0,1,1,1,0,0,1,"Tetramorium.caespitum",NA
"209",208,0,1,1,1,0,0,1,"Tetramorium.semilaeve",NA
"210",209,0.028,0.0196,0.961,0.0562,0.8562,0.1328,0.011,"Myrmecina.americana","Myrmecina.graminicola"
"211",210,0.027,0.0182,0.963,0.049,0.8708,0.118,0.0112,"Myrmecina.americana","Myrmecina.nipponica"
"212",211,0,0,0.984,0,1,0,0,"Myrmecina.americana",NA
"213",212,0,0,1,0,1,0,0,"Myrmecina.nipponica",NA
"214",213,0,0,0.994,0,1,0,0,"Myrmecina.graminicola",NA
"215",214,0,1,1,0,0,0,1,"Proatta.butteli",NA
"216",215,0.059,0.9988,0.936,0.6236,0.0508,0.3704,0.5788,"Solenopsis.geminata","Monomorium.floricola"
"217",216,0.058,0.9988,0.938,0.6262,0.0494,0.3626,0.588,"Solenopsis.geminata","Monomorium.rothsteini"
"218",217,0.054,0.9988,0.949,0.6416,0.042,0.3164,0.6416,"Solenopsis.geminata","Solenopsis.picta"
"219",218,0.05,0.9988,0.956,0.7614,0.0306,0.2702,0.6992,"Solenopsis.geminata","Solenopsis.fugax"
"220",219,0.04,0.9988,0.962,0.861,0.0212,0.2116,0.7672,"Solenopsis.geminata","Solenopsis.invicta"
"221",220,0,1,1,1,0,0,1,"Solenopsis.geminata",NA
"222",221,0,1,1,1,0,0,1,"Solenopsis.invicta",NA
"223",222,0,1,1,1,0,0,1,"Solenopsis.fugax",NA
"224",223,0,1,0.978,0,0,1,0,"Solenopsis.picta",NA
"225",224,0.005,1,0.995,0.5638,0.0056,0.4404,0.554,"Monomorium.pharaonis","Monomorium.rothsteini"
"226",225,0,1,1,1,0,1,0,"Monomorium.pharaonis",NA
"227",226,0,1,1,0,0,0,1,"Monomorium.rothsteini",NA
"228",227,0.058,0.9988,0.939,0.6454,0.0514,0.3766,0.572,"Myrmicaria.brunnea","Monomorium.floricola"
"229",228,0.052,0.9988,0.941,0.6528,0.049,0.3762,0.5748,"Myrmicaria.brunnea","Monomorium.minimum"
"230",229,0.026,1,0.967,0.6062,0.0154,0.1398,0.8448,"Myrmicaria.brunnea","Myrmicaria.natalensis.eumenoides"
"231",230,0,1,1,1,0,0,1,"Myrmicaria.brunnea",NA
"232",231,0,1,1,0,0,0,1,"Myrmicaria.natalensis.eumenoides",NA
"233",232,0,1,1,1,0,1,0,"Monomorium.minimum",NA
"234",233,0,1,1,1,0,1,0,"Monomorium.floricola",NA
"235",234,0.089,0.1314,0.054,0.148,0.17,0.3708,0.4592,"Messor.arenarius","Stenamma.impar"
"236",235,0.056,0.0686,0.031,0.1172,0.1504,0.4222,0.4274,"Messor.arenarius","Messor.minor"
"237",236,0.042,0.0696,0.028,0.1194,0.1742,0.4406,0.3852,"Messor.arenarius","Stenamma.brevicorne"
"238",237,0.024,0.012,0.023,0.155,0.056,0.4798,0.4642,"Messor.arenarius","Aphaenogaster.gibbosa"
"239",238,0.023,0.007,0.024,0.1424,0.0442,0.4338,0.522,"Messor.arenarius","Messor.aegyptiacus"
"240",239,0.019,0.004,0.023,0.1608,0.0228,0.4496,0.5276,"Messor.arenarius","Novomessor.cockerelli"
"241",240,0,0,0.063,0,0,0,1,"Messor.arenarius",NA
"242",241,0,0,0.019,1,0,1,0,"Novomessor.cockerelli",NA
"243",242,0,0,0.183,0,0,0,1,"Messor.aegyptiacus",NA
"244",243,0,0,0,1,0,1,0,"Aphaenogaster.gibbosa",NA
"245",244,0,1,0.094,0,1,0,0,"Stenamma.brevicorne",NA
"246",245,0.048,0.036,0.033,0.1152,0.1338,0.4318,0.4344,"Messor.barbarus","Messor.minor"
"247",246,0.041,0.0336,0.029,0.1348,0.1438,0.5926,0.2636,"Messor.barbarus","Aphaenogaster.araneoides"
"248",247,0.023,0.0338,0.015,0.4016,0.1798,0.7196,0.1006,"Messor.barbarus","Aphaenogaster.subterranea"
"249",248,0.023,0.0352,0.015,0.4022,0.1832,0.7206,0.0962,"Messor.barbarus","Stenamma.debile"
"250",249,0,0,0,0,0,1,0,"Messor.barbarus",NA
"251",250,0,1,0.051,1,1,0,0,"Stenamma.debile",NA
"252",251,0,0,0,1,0,1,0,"Aphaenogaster.subterranea",NA
"253",252,0,0,0.174,0,0,1,0,"Aphaenogaster.araneoides",NA
"254",253,0.035,0.02,0.103,0.0646,0.045,0.2698,0.6852,"Messor.ebeninus","Messor.minor"
"255",254,0,0,0.278,0,0,0,1,"Messor.ebeninus",NA
"256",255,0,0,0.165,0,0,0,1,"Messor.minor",NA
"257",256,0.058,0.0982,0.048,0.1124,0.149,0.3296,0.5214,"Messor.capitatus","Stenamma.impar"
"258",257,0.054,0.0894,0.049,0.1176,0.1452,0.311,0.5438,"Messor.capitatus","Stenamma.diecki"
"259",258,0.039,0.0186,0.041,0.1132,0.07,0.3074,0.6226,"Messor.capitatus","Aphaenogaster.senilis"
"260",259,0.038,0.0138,0.041,0.088,0.0574,0.2716,0.671,"Messor.capitatus","Messor.bouvieri"
"261",260,0.028,0.0104,0.043,0.0576,0.0348,0.2238,0.7414,"Messor.capitatus","Messor.wasmanni"
"262",261,0,0,0,0,0,0,1,"Messor.capitatus",NA
"263",262,0,0,0.186,0,0,0,1,"Messor.wasmanni",NA
"264",263,0,0,0.229,0,0,0,1,"Messor.bouvieri",NA
"265",264,0,0,0,1,0,1,0,"Aphaenogaster.senilis",NA
"266",265,0.02,0.1252,0.777,0.2192,0.2114,0.4058,0.3828,"Aphaenogaster.longiceps","Stenamma.diecki"
"267",266,0,0,1,1,0,0,1,"Aphaenogaster.longiceps",NA
"268",267,0,1,0.783,0,1,0,0,"Stenamma.diecki",NA
"269",268,0.05,0.0998,0.045,0.1046,0.1566,0.352,0.4914,"Aphaenogaster.rudis","Stenamma.impar"
"270",269,0.016,0.012,0.025,0.0854,0.0202,0.2958,0.684,"Aphaenogaster.rudis","Messor.aciculatus"
"271",270,0.013,0.0052,0.017,0.1032,0.0126,0.3282,0.6592,"Aphaenogaster.rudis","Messor.structor"
"272",271,0,0,0.015,1,0,1,0,"Aphaenogaster.rudis",NA
"273",272,0,0,0,0,0,0,1,"Messor.structor",NA
"274",273,0,0,0.066,0,0,0,1,"Messor.aciculatus",NA
"275",274,0,1,0.102,0,1,0,0,"Stenamma.impar",NA
"276",275,0.118,0.992,0.144,0.085,0.1768,0.4498,0.3734,"Pogonomyrmex.badius","Pogonomyrmex.californicus"
"277",276,0.093,0.995,0.126,0.0508,0.1638,0.4672,0.369,"Pogonomyrmex.badius","Pogonomyrmex.texanus"
"278",277,0.087,0.995,0.123,0.0482,0.1592,0.463,0.3778,"Pogonomyrmex.badius","Pogonomyrmex.montanus"
"279",278,0.059,0.9962,0.118,0.0424,0.1248,0.498,0.3772,"Pogonomyrmex.badius","Pogonomyrmex.rugosus"
"280",279,0.028,0.9978,0.086,0.0234,0.0422,0.4988,0.459,"Pogonomyrmex.badius","Pogonomyrmex.maricopa"
"281",280,0,1,0,0,0,1,0,"Pogonomyrmex.badius",NA
"282",281,0,1,0.217,0,0,0,1,"Pogonomyrmex.maricopa",NA
"283",282,0,1,0.268,0,0,1,0,"Pogonomyrmex.rugosus",NA
"284",283,0.075,0.995,0.128,0.0452,0.1328,0.4348,0.4324,"Pogonomyrmex.barbatus","Pogonomyrmex.montanus"
"285",284,0,1,1,0,0,0,1,"Pogonomyrmex.barbatus",NA
"286",285,0,1,0,0,0,1,0,"Pogonomyrmex.montanus",NA
"287",286,0.077,0.995,0.146,0.0472,0.1826,0.5246,0.2928,"Pogonomyrmex.imberbiculus","Pogonomyrmex.texanus"
"288",287,0.057,0.9962,0.166,0.0376,0.2282,0.5898,0.182,"Pogonomyrmex.imberbiculus","Pogonomyrmex.occidentalis"
"289",288,0.05,0.9966,0.164,0.0328,0.31,0.57,0.12,"Pogonomyrmex.imberbiculus","Pogonomyrmex.subnitidus"
"290",289,0,1,0.136,0,1,0,0,"Pogonomyrmex.imberbiculus",NA
"291",290,0,1,0.332,0,0,1,0,"Pogonomyrmex.subnitidus",NA
"292",291,0,1,0.604,0,0,1,0,"Pogonomyrmex.occidentalis",NA
"293",292,0,1,0.251,0,0,1,0,"Pogonomyrmex.texanus",NA
"294",293,0,1,0.435,0,0,1,0,"Pogonomyrmex.californicus",NA
"295",294,0.066,0.9946,0.235,0.8846,0.1716,0.6324,0.196,"Myrmica.curvithorax","Manica.rubida"
"296",295,0.022,0.9976,0.212,0.9606,0.126,0.7728,0.1012,"Myrmica.curvithorax","Myrmica.sabuleti"
"297",296,0.013,0.9986,0.089,0.9642,0.1362,0.8044,0.0594,"Myrmica.curvithorax","Myrmica.rugulosa"
"298",297,0.013,0.9986,0.089,0.9642,0.1366,0.804,0.0594,"Myrmica.curvithorax","Myrmica.specioides"
"299",298,0.012,0.9986,0.089,0.9642,0.138,0.803,0.059,"Myrmica.curvithorax","Myrmica.incompleta"
"300",299,0.011,0.998,0.048,0.9668,0.1202,0.8202,0.0596,"Myrmica.curvithorax","Myrmica.gallienii"
"301",300,0.003,1,0.006,0.989,0.031,0.9494,0.0196,"Myrmica.curvithorax","Myrmica.lobicornis"
"302",301,0,1,0,1,0,1,0,"Myrmica.curvithorax",NA
"303",302,0,1,0,1,0,1,0,"Myrmica.lobicornis",NA
"304",303,0,1,0,1,0,1,0,"Myrmica.gallienii",NA
"305",304,0,1,1,1,1,0,0,"Myrmica.incompleta",NA
"306",305,0.009,0.9986,0.106,0.98,0.062,0.9022,0.0358,"Myrmica.scabrinodis","Myrmica.specioides"
"307",306,0,1,1,1,0,1,0,"Myrmica.scabrinodis",NA
"308",307,0,1,0,1,0,1,0,"Myrmica.specioides",NA
"309",308,0.013,0.9986,0.04,0.922,0.196,0.7524,0.0516,"Myrmica.punctiventris","Myrmica.rugulosa"
"310",309,0,1,0,0,1,0,0,"Myrmica.punctiventris",NA
"311",310,0,1,0,1,0,1,0,"Myrmica.rugulosa",NA
"312",311,0.017,0.9982,0.28,0.964,0.1042,0.782,0.1138,"Myrmica.rubra","Myrmica.sabuleti"
"313",312,0.009,0.9994,0.28,0.984,0.0198,0.6826,0.2976,"Myrmica.rubra","Myrmica.schencki"
"314",313,0,1,1,1,0,0,1,"Myrmica.rubra",NA
"315",314,0,1,0,1,0,1,0,"Myrmica.schencki",NA
"316",315,0.009,0.9982,0.818,0.9734,0.0742,0.8476,0.0782,"Myrmica.ruginodis","Myrmica.sabuleti"
"317",316,0,1,1,1,0,1,0,"Myrmica.ruginodis",NA
"318",317,0,1,1,1,0,1,0,"Myrmica.sabuleti",NA
"319",318,0,1,1,1,0,1,0,"Manica.rubida",NA
"320",319,0.976,0.9986,0.026,0.8612,0.1248,0.6758,0.1994,"Ectatomma.brunneum","Gnamptogenys.striatula"
"321",320,0.971,0.9986,0.022,0.9012,0.1148,0.7028,0.1824,"Ectatomma.brunneum","Rhytidoponera.metallica"
"322",321,0.196,0.9988,0.024,0.9512,0.09,0.7808,0.1292,"Ectatomma.brunneum","Ectatomma.tuberculatum"
"323",322,0.088,0.9998,0.03,0.9664,0.0594,0.8594,0.0812,"Ectatomma.brunneum","Ectatomma.ruidum"
"324",323,0,1,0.426,1,0,1,0,"Ectatomma.brunneum",NA
"325",324,0,1,0,1,0,1,0,"Ectatomma.ruidum",NA
"326",325,0.142,0.9982,0.024,0.957,0.0826,0.7946,0.1228,"Ectatomma.edentatum","Ectatomma.tuberculatum"
"327",326,0,1,0.3,1,0,1,0,"Ectatomma.edentatum",NA
"328",327,0,1,0,1,0,1,0,"Ectatomma.tuberculatum",NA
"329",328,1,0.9994,0.013,0.9614,0.0696,0.824,0.1064,"Rhytidoponera.chalybaea","Rhytidoponera.metallica"
"330",329,1,0.9994,0.013,0.9614,0.07,0.8256,0.1044,"Rhytidoponera.chalybaea","Rhytidoponera.mayri"
"331",330,1,1,0.022,1,0,1,0,"Rhytidoponera.chalybaea",NA
"332",331,1,1,0,1,0,1,0,"Rhytidoponera.mayri",NA
"333",332,1,1,0.013,1,0,1,0,"Rhytidoponera.metallica",NA
"334",333,0.987,0.9986,0.024,0.8638,0.1226,0.6844,0.193,"Gnamptogenys.menadensis","Gnamptogenys.striatula"
"335",334,0.987,0.9986,0.024,0.8634,0.128,0.6884,0.1836,"Gnamptogenys.menadensis","Gnamptogenys.bicolor"
"336",335,0.977,0.9996,0.046,0.7374,0.073,0.8396,0.0874,"Gnamptogenys.menadensis","Typhlomyrmex.rogenhoferi"
"337",336,1,1,0.509,1,0,1,0,"Gnamptogenys.menadensis",NA
"338",337,0,1,0,0,0,1,0,"Typhlomyrmex.rogenhoferi",NA
"339",338,1,1,0,1,0,1,0,"Gnamptogenys.bicolor",NA
"340",339,1,1,0,1,0,1,0,"Gnamptogenys.striatula",NA
"341",340,0.176,0.0752,0.835,0.8278,0.1332,0.3686,0.4982,"Formica.aquilonia","Brachymyrmex.patagonicus"
"342",341,0.085,0.015,0.935,0.884,0.0878,0.3566,0.5556,"Formica.aquilonia","Prenolepis.nitens"
"343",342,0.058,0.0056,0.955,0.8894,0.089,0.3698,0.5412,"Formica.aquilonia","Anoplolepis.gracilipes"
"344",343,0.051,0.0056,0.957,0.8864,0.094,0.39,0.516,"Formica.aquilonia","Myrmoteras.toro"
"345",344,0.044,0.0036,0.961,0.9042,0.0828,0.3886,0.5286,"Formica.aquilonia","Oecophylla.smaragdina"
"346",345,0.043,0.0036,0.962,0.9078,0.0814,0.3962,0.5224,"Formica.aquilonia","Melophorus.bagoti"
"347",346,0.033,0.0026,0.974,0.9298,0.0628,0.4066,0.5306,"Formica.aquilonia","Proformica.epinotalis"
"348",347,0.022,6e-04,0.984,0.962,0.0308,0.349,0.6202,"Formica.aquilonia","Formica.japonica"
"349",348,0.013,6e-04,0.992,0.9744,0.0202,0.4192,0.5606,"Formica.aquilonia","Formica.pallidefulva"
"350",349,0.008,6e-04,0.995,0.9838,0.0094,0.395,0.5956,"Formica.aquilonia","Formica.sanguinea"
"351",350,0.007,6e-04,0.995,0.984,0.0094,0.4144,0.5762,"Formica.aquilonia","Formica.archboldi"
"352",351,0.007,6e-04,0.996,0.9844,0.0082,0.4186,0.5732,"Formica.aquilonia","Formica.subintegra"
"353",352,0.004,6e-04,0.999,0.9934,0.0028,0.3062,0.691,"Formica.aquilonia","Formica.lemani"
"354",353,0.004,6e-04,0.999,0.9938,0.0022,0.1682,0.8296,"Formica.aquilonia","Formica.polyctena"
"355",354,0.003,6e-04,0.999,0.9972,6e-04,0.0576,0.9418,"Formica.aquilonia","Formica.lugubris"
"356",355,0,0,1,1,0,0,1,"Formica.aquilonia",NA
"357",356,0,0,1,1,0,0,1,"Formica.lugubris",NA
"358",357,0,0,1,1,0,0,1,"Formica.polyctena",NA
"359",358,0,0,1,1,0,1,0,"Formica.lemani",NA
"360",359,0,0,1,1,0,1,0,"Formica.subintegra",NA
"361",360,0,0,1,1,0,1,0,"Formica.archboldi",NA
"362",361,0.006,6e-04,0.994,0.9848,0.0062,0.2408,0.753,"Formica.paralugubris","Formica.sanguinea"
"363",362,0,0,1,1,0,0,1,"Formica.paralugubris",NA
"364",363,0,0,1,1,0,0,1,"Formica.sanguinea",NA
"365",364,0.01,6e-04,0.994,0.982,0.0202,0.7296,0.2502,"Formica.cunicularia","Formica.pallidefulva"
"366",365,0.003,6e-04,1,0.9954,0.0066,0.9578,0.0356,"Formica.cunicularia","Formica.fusca"
"367",366,0,0,1,1,0,1,0,"Formica.cunicularia",NA
"368",367,0,0,1,1,0,1,0,"Formica.fusca",NA
"369",368,0.003,6e-04,0.999,0.9952,0.0082,0.959,0.0328,"Formica.incerta","Formica.pallidefulva"
"370",369,0,0,1,1,0,1,0,"Formica.incerta",NA
"371",370,0,0,1,1,0,1,0,"Formica.pallidefulva",NA
"372",371,0.016,6e-04,0.986,0.9752,0.016,0.2452,0.7388,"Formica.clara","Formica.japonica"
"373",372,0.006,6e-04,0.992,0.9876,0.007,0.2472,0.7458,"Formica.clara","Formica.picea"
"374",373,0.002,6e-04,0.999,0.9934,0.0026,0.4018,0.5956,"Formica.clara","Formica.pratensis"
"375",374,0.002,6e-04,1,0.9942,0.0026,0.5332,0.4642,"Formica.clara","Formica.subsericea"
"376",375,0.001,6e-04,1,0.9974,4e-04,0.5658,0.4338,"Formica.clara","Formica.obscuripes"
"377",376,0.001,6e-04,1,0.9974,4e-04,0.7042,0.2954,"Formica.clara","Formica.rufibarbis"
"378",377,0,0,1,1,0,1,0,"Formica.clara",NA
"379",378,0,0,1,1,0,1,0,"Formica.rufibarbis",NA
"380",379,0,0,1,1,0,0,1,"Formica.obscuripes",NA
"381",380,0.001,6e-04,1,0.9954,0.002,0.745,0.253,"Formica.glacialis","Formica.subsericea"
"382",381,0,0,1,1,0,1,0,"Formica.glacialis",NA
"383",382,0,0,1,1,0,1,0,"Formica.subsericea",NA
"384",383,0,0,1,1,0,0,1,"Formica.pratensis",NA
"385",384,0.001,6e-04,0.997,0.9912,0.0028,0.1964,0.8008,"Formica.exsectoides","Formica.picea"
"386",385,0,6e-04,1,0.9946,6e-04,0.1194,0.88,"Formica.exsectoides","Formica.rufa"
"387",386,0,6e-04,1,0.9954,6e-04,0.1196,0.8798,"Formica.exsectoides","Formica.bruni"
"388",387,0,6e-04,1,0.9954,6e-04,0.0972,0.9022,"Formica.exsectoides","Formica.truncorum"
"389",388,0,0,1,1,0,0,1,"Formica.exsectoides",NA
"390",389,0,0,1,1,0,0,1,"Formica.truncorum",NA
"391",390,0,0,1,1,0,1,0,"Formica.bruni",NA
"392",391,0,0,1,1,0,0,1,"Formica.rufa",NA
"393",392,0.001,6e-04,0.997,0.992,0.0012,0.2002,0.7986,"Formica.podzolica","Formica.picea"
"394",393,0.001,6e-04,0.998,0.9942,0,0.0702,0.9298,"Formica.podzolica","Formica.cinerea"
"395",394,0.001,6e-04,0.998,0.9942,0,0.0566,0.9434,"Formica.podzolica","Formica.yessensis"
"396",395,0,0,1,1,0,0,1,"Formica.podzolica",NA
"397",396,0,0,1,1,0,0,1,"Formica.yessensis",NA
"398",397,0,0,1,1,0,0,1,"Formica.cinerea",NA
"399",398,0,0,1,1,0,1,0,"Formica.picea",NA
"400",399,0.012,6e-04,0.99,0.982,0.0052,0.126,0.8688,"Formica.exsecta","Formica.japonica"
"401",400,0,0,1,1,0,0,1,"Formica.exsecta",NA
"402",401,0,0,1,1,0,0,1,"Formica.japonica",NA
"403",402,0.008,0.002,0.991,0.9758,0.0338,0.8686,0.0976,"Cataglyphis.bombycina","Proformica.epinotalis"
"404",403,0.001,6e-04,1,0.9982,0.0034,0.9854,0.0112,"Cataglyphis.bombycina","Cataglyphis.bicolor"
"405",404,0.001,6e-04,1,0.9982,0.0034,0.9858,0.0108,"Cataglyphis.bombycina","Cataglyphis.nigra"
"406",405,0.001,6e-04,1,0.9986,0.003,0.9884,0.0086,"Cataglyphis.bombycina","Cataglyphis.iberica"
"407",406,0.001,6e-04,1,0.9986,0.003,0.9896,0.0074,"Cataglyphis.bombycina","Cataglyphis.velox"
"408",407,0.001,6e-04,1,0.9986,0.003,0.9896,0.0074,"Cataglyphis.bombycina","Cataglyphis.rosenhaueri"
"409",408,0,0,1,1,0,1,0,"Cataglyphis.bombycina",NA
"410",409,0,0,1,1,0,1,0,"Cataglyphis.rosenhaueri",NA
"411",410,0,0,1,1,0,1,0,"Cataglyphis.velox",NA
"412",411,0,0,1,1,0,0.999,0.001,"Cataglyphis.cursor","Cataglyphis.iberica"
"413",412,0,0,1,1,0,1,0,"Cataglyphis.cursor",NA
"414",413,0,0,1,1,0,1,0,"Cataglyphis.iberica",NA
"415",414,0,0,1,0.9986,0.0014,0.9956,0.003,"Cataglyphis.aenescens","Cataglyphis.nigra"
"416",415,0,0,1,1,0,1,0,"Cataglyphis.aenescens",NA
"417",416,0,0,1,1,0,1,0,"Cataglyphis.nigra",NA
"418",417,0,0,1,1,0,1,0,"Cataglyphis.bicolor",NA
"419",418,0,0,1,1,0,1,0,"Proformica.epinotalis",NA
"420",419,0,0,1,1,0,1,0,"Melophorus.bagoti",NA
"421",420,0.011,0.0012,0.99,0.9656,0.006,0.1144,0.8796,"Oecophylla.longinoda","Oecophylla.smaragdina"
"422",421,0,0,1,1,0,0,1,"Oecophylla.longinoda",NA
"423",422,0,0,1,1,0,0,1,"Oecophylla.smaragdina",NA
"424",423,0.043,0.005,0.962,0.8148,0.1742,0.4902,0.3356,"Camponotus.chromaiodes","Myrmoteras.toro"
"425",424,0.008,6e-04,0.99,0.9812,0.0404,0.6518,0.3078,"Camponotus.chromaiodes","Polyrhachis.moesta"
"426",425,0.004,6e-04,0.998,0.9938,0.0214,0.6476,0.331,"Camponotus.chromaiodes","Camponotus.americanus"
"427",426,0.003,0,0.998,0.9946,0.0212,0.6514,0.3274,"Camponotus.chromaiodes","Camponotus.ligniperda"
"428",427,0.003,0,0.998,0.9946,0.0196,0.6578,0.3226,"Camponotus.chromaiodes","Camponotus.fallax"
"429",428,0.003,0,0.998,0.9952,0.0134,0.6718,0.3148,"Camponotus.chromaiodes","Camponotus.socius"
"430",429,0.003,0,0.998,0.9952,0.012,0.6692,0.3188,"Camponotus.chromaiodes","Camponotus.crassus"
"431",430,0.002,0,0.998,0.9966,0.0072,0.6356,0.3572,"Camponotus.chromaiodes","Camponotus.sericeus"
"432",431,0.002,0,0.998,0.9966,0.0072,0.6356,0.3572,"Camponotus.chromaiodes","Camponotus.vagus"
"433",432,0,0,1,1,0,1,0,"Camponotus.chromaiodes",NA
"434",433,0,0,1,1,0,0,1,"Camponotus.vagus",NA
"435",434,0.002,0,0.998,0.9972,0.0052,0.6272,0.3676,"Camponotus.sanctus","Camponotus.sericeus"
"436",435,0,0,1,1,0,0,1,"Camponotus.sanctus",NA
"437",436,0,0,1,1,0,1,0,"Camponotus.sericeus",NA
"438",437,0,0,1,1,0,1,0,"Camponotus.crassus",NA
"439",438,0,0,1,1,0,1,0,"Camponotus.socius",NA
"440",439,0,0,1,1,0,1,0,"Camponotus.fallax",NA
"441",440,0.003,0,0.998,0.9946,0.0216,0.6502,0.3282,"Camponotus.foreli","Camponotus.ligniperda"
"442",441,0.002,0,0.998,0.9964,0.0566,0.6664,0.277,"Camponotus.foreli","Camponotus.mus"
"443",442,0.002,0,0.998,0.9964,0.0584,0.6612,0.2804,"Camponotus.foreli","Camponotus.cruentatus"
"444",443,0.002,0,0.999,0.9972,0.1214,0.793,0.0856,"Camponotus.foreli","Camponotus.yamaokai"
"445",444,0,0,1,1,1,0,0,"Camponotus.foreli",NA
"446",445,0,0,1,1,0,1,0,"Camponotus.yamaokai",NA
"447",446,0,0,1,1,0,0,1,"Camponotus.cruentatus",NA
"448",447,0.001,0,0.998,0.9978,0.1392,0.798,0.0628,"Camponotus.dalmaticus","Camponotus.mus"
"449",448,0,0,1,1,1,0,0,"Camponotus.dalmaticus",NA
"450",449,0,0,1,1,0,1,0,"Camponotus.mus",NA
"451",450,0,0,1,1,0,0,1,"Camponotus.ligniperda",NA
"452",451,0.003,6e-04,0.999,0.9964,0.0122,0.645,0.3428,"Camponotus.pilicornis","Camponotus.americanus"
"453",452,0.003,6e-04,0.999,0.9964,0.0106,0.632,0.3574,"Camponotus.pilicornis","Camponotus.compressus"
"454",453,0.003,6e-04,1,0.9966,0.0064,0.618,0.3756,"Camponotus.pilicornis","Camponotus.herculeanus"
"455",454,0.003,6e-04,1,0.9966,0.006,0.608,0.386,"Camponotus.pilicornis","Camponotus.lateralis"
"456",455,0.002,6e-04,1,0.9966,0.0056,0.4838,0.5106,"Camponotus.pilicornis","Camponotus.floridanus"
"457",456,0.002,6e-04,1,0.997,0.0048,0.4818,0.5134,"Camponotus.pilicornis","Camponotus.punctulatus"
"458",457,0,0,1,1,0,1,0,"Camponotus.pilicornis",NA
"459",458,0,0,1,1,0,0,1,"Camponotus.punctulatus",NA
"460",459,0,0,1,1,0,0,1,"Camponotus.floridanus",NA
"461",460,0,0,1,1,0,1,0,"Camponotus.lateralis",NA
"462",461,0.003,6e-04,1,0.9966,0.006,0.6208,0.3732,"Camponotus.saxatilis","Camponotus.herculeanus"
"463",462,0.003,6e-04,1,0.9974,0.006,0.631,0.363,"Camponotus.saxatilis","Camponotus.vividus"
"464",463,0,0,1,1,0,1,0,"Camponotus.saxatilis",NA
"465",464,0,0,1,1,0,1,0,"Camponotus.vividus",NA
"466",465,0,0,1,1,0,0,1,"Camponotus.herculeanus",NA
"467",466,0.003,6e-04,0.999,0.9964,0.0108,0.6246,0.3646,"Camponotus.modoc","Camponotus.compressus"
"468",467,0.003,6e-04,0.999,0.9964,0.008,0.5704,0.4216,"Camponotus.modoc","Camponotus.piceus"
"469",468,0.003,6e-04,0.999,0.9964,0.0072,0.2914,0.7014,"Camponotus.modoc","Camponotus.senex"
"470",469,0,0,1,1,0,0,1,"Camponotus.modoc",NA
"471",470,0,0,1,1,0,0,1,"Camponotus.senex",NA
"472",471,0,0,1,1,0,1,0,"Camponotus.piceus",NA
"473",472,0,0,1,1,0,1,0,"Camponotus.compressus",NA
"474",473,0.002,6e-04,0.999,0.9964,0.0096,0.6532,0.3372,"Camponotus.castaneus","Camponotus.americanus"
"475",474,0.002,6e-04,0.999,0.9964,0.0094,0.654,0.3366,"Camponotus.castaneus","Camponotus.consobrinus"
"476",475,0.002,6e-04,0.999,0.9964,0.0086,0.7084,0.283,"Camponotus.castaneus","Camponotus.aethiops"
"477",476,0.001,6e-04,0.999,0.997,0.0084,0.8504,0.1412,"Camponotus.castaneus","Camponotus.japonicus"
"478",477,0,0,1,1,0,1,0,"Camponotus.castaneus",NA
"479",478,0,0,1,1,0,1,0,"Camponotus.japonicus",NA
"480",479,0,0,1,1,0,1,0,"Camponotus.aethiops",NA
"481",480,0.002,6e-04,0.999,0.9972,0.0078,0.4926,0.4996,"Camponotus.planatus","Camponotus.consobrinus"
"482",481,0.002,6e-04,0.999,0.9972,0.0068,0.486,0.5072,"Camponotus.planatus","Camponotus.rectangularis"
"483",482,0,0,1,1,0,1,0,"Camponotus.planatus",NA
"484",483,0,0,1,1,0,0,1,"Camponotus.rectangularis",NA
"485",484,0,0,1,1,0,0,1,"Camponotus.consobrinus",NA
"486",485,0.002,6e-04,0.999,0.9964,0.01,0.6592,0.3308,"Camponotus.nearcticus","Camponotus.americanus"
"487",486,0.002,6e-04,1,0.998,0.007,0.6714,0.3216,"Camponotus.nearcticus","Camponotus.fellah"
"488",487,0.002,6e-04,1,0.998,0.007,0.7258,0.2672,"Camponotus.nearcticus","Camponotus.pennsylvanicus"
"489",488,0,0,1,1,0,1,0,"Camponotus.nearcticus",NA
"490",489,0,0,1,1,0,1,0,"Camponotus.pennsylvanicus",NA
"491",490,0,0,1,1,0,0,1,"Camponotus.fellah",NA
"492",491,0,0,1,1,0,1,0,"Camponotus.americanus",NA
"493",492,0.005,6e-04,0.995,0.9932,0.0374,0.7626,0.2,"Polyrhachis.dives","Polyrhachis.moesta"
"494",493,0.004,6e-04,0.995,0.9936,0.0378,0.7642,0.198,"Polyrhachis.dives","Polyrhachis.loweryi"
"495",494,0.003,6e-04,0.995,0.9944,0.0326,0.7656,0.2018,"Polyrhachis.dives","Polyrhachis.arachne"
"496",495,0.003,6e-04,0.995,0.9958,0.0294,0.7434,0.2272,"Polyrhachis.dives","Polyrhachis.laboriosa"
"497",496,0,0,1,1,0,0,1,"Polyrhachis.dives",NA
"498",497,0,0,1,1,0,1,0,"Polyrhachis.laboriosa",NA
"499",498,0,0,1,1,0,1,0,"Polyrhachis.arachne",NA
"500",499,0.004,6e-04,0.995,0.9952,0.098,0.8072,0.0948,"Polyrhachis.hodgsoni","Polyrhachis.loweryi"
"501",500,0,0,1,1,0,1,0,"Polyrhachis.hodgsoni",NA
"502",501,0,0,1,1,1,0,0,"Polyrhachis.loweryi",NA
"503",502,0,0,1,1,0,1,0,"Polyrhachis.moesta",NA
"504",503,0.034,0.004,0.972,0.1418,0.7108,0.227,0.0622,"Myrmoteras.iriodum","Myrmoteras.toro"
"505",504,0.025,0.003,0.977,0.0832,0.8036,0.1654,0.031,"Myrmoteras.iriodum","Myrmoteras.barbouri"
"506",505,0.025,0.003,0.977,0.0812,0.8144,0.1556,0.03,"Myrmoteras.iriodum","Myrmoteras.jaitrongi"
"507",506,0,0,1,0,1,0,0,"Myrmoteras.iriodum",NA
"508",507,0,0,1,0,1,0,0,"Myrmoteras.jaitrongi",NA
"509",508,0,0,1,0,1,0,0,"Myrmoteras.barbouri",NA
"510",509,0,0,1,0,1,0,0,"Myrmoteras.toro",NA
"511",510,0.051,0.0056,0.961,0.903,0.0762,0.3388,0.585,"Acropyga.epedana","Anoplolepis.gracilipes"
"512",511,0.031,0.005,0.972,0.9212,0.0574,0.3854,0.5572,"Acropyga.epedana","Plagiolepis.pygmaea"
"513",512,0,0,1,1,0,1,0,"Acropyga.epedana",NA
"514",513,0,0,1,1,0,0,1,"Plagiolepis.pygmaea",NA
"515",514,0.016,0.0032,0.981,0.9668,0.0086,0.148,0.8434,"Anoplolepis.custodiens","Anoplolepis.gracilipes"
"516",515,0,0,1,1,0,0,1,"Anoplolepis.custodiens",NA
"517",516,0,0,1,1,0,0,1,"Anoplolepis.gracilipes",NA
"518",517,0.061,0.0084,0.954,0.9256,0.0616,0.2988,0.6396,"Lasius.alienus","Prenolepis.nitens"
"519",518,0.026,0.0014,0.986,0.974,0.0134,0.1546,0.832,"Lasius.alienus","Lasius.carniolicus"
"520",519,0.022,0.0014,0.988,0.9792,0.0102,0.1568,0.833,"Lasius.alienus","Myrmecocystus.mexicanus"
"521",520,0.013,0.0014,0.994,0.9872,0.0066,0.1506,0.8428,"Lasius.alienus","Lasius.paralienus"
"522",521,0.012,0.0014,0.994,0.9872,0.0054,0.1362,0.8584,"Lasius.alienus","Myrmecocystus.mimicus"
"523",522,0.005,0.0014,0.998,0.9956,6e-04,0.0908,0.9086,"Lasius.alienus","Lasius.neoniger"
"524",523,0.005,0.0014,0.998,0.9956,6e-04,0.0908,0.9086,"Lasius.alienus","Lasius.psammophilus"
"525",524,0.004,0.0014,0.999,0.996,4e-04,0.0446,0.955,"Lasius.alienus","Lasius.jensi"
"526",525,0,0,1,1,0,0,1,"Lasius.alienus",NA
"527",526,0,0,1,1,0,0,1,"Lasius.jensi",NA
"528",527,0.005,0.0014,0.998,0.9964,6e-04,0.1314,0.868,"Lasius.flavus","Lasius.psammophilus"
"529",528,0,0,1,1,0,0,1,"Lasius.flavus",NA
"530",529,0,0,1,1,0,1,0,"Lasius.psammophilus",NA
"531",530,0,0,1,1,0,0,1,"Lasius.neoniger",NA
"532",531,0.009,0.0014,0.995,0.991,0.0034,0.1006,0.896,"Myrmecocystus.mendax","Myrmecocystus.mimicus"
"533",532,0,0,1,1,0,0,1,"Myrmecocystus.mendax",NA
"534",533,0,0,1,1,0,0,1,"Myrmecocystus.mimicus",NA
"535",534,0.012,0.0014,0.994,0.9866,0.0068,0.2516,0.7416,"Lasius.emarginatus","Lasius.paralienus"
"536",535,0.009,0.0014,0.998,0.99,0.0062,0.3038,0.69,"Lasius.emarginatus","Lasius.neglectus"
"537",536,0,0,1,1,0,1,0,"Lasius.emarginatus",NA
"538",537,0,0,1,1,0,0,1,"Lasius.neglectus",NA
"539",538,0,0,1,1,0,1,0,"Lasius.paralienus",NA
"540",539,0.003,0,0.999,0.9984,0,0.3362,0.6638,"Lasius.umbratus","Myrmecocystus.mexicanus"
"541",540,0,0,1,1,0,0,1,"Lasius.umbratus",NA
"542",541,0,0,1,1,0,1,0,"Myrmecocystus.mexicanus",NA
"543",542,0.015,0.0014,0.99,0.9832,0.0058,0.1178,0.8764,"Lasius.meridionalis","Lasius.carniolicus"
"544",543,0.014,0.0014,0.99,0.983,0.0058,0.116,0.8782,"Lasius.meridionalis","Lasius.reginae"
"545",544,0.011,0.0014,0.995,0.993,8e-04,0.0584,0.9408,"Lasius.meridionalis","Myrmecocystus.depilis"
"546",545,0.011,0.0014,0.995,0.9932,4e-04,0.0536,0.946,"Lasius.meridionalis","Lasius.grandis"
"547",546,0.011,0.0014,0.995,0.994,4e-04,0.0498,0.9498,"Lasius.meridionalis","Lasius.niger"
"548",547,0.01,0.0014,0.995,0.994,4e-04,0.0488,0.9508,"Lasius.meridionalis","Lasius.platythorax"
"549",548,0,0,1,1,0,0,1,"Lasius.meridionalis",NA
"550",549,0,0,1,1,0,0,1,"Lasius.platythorax",NA
"551",550,0,0,1,1,0,0,1,"Lasius.niger",NA
"552",551,0.01,0.0014,0.995,0.9932,4e-04,0.05,0.9496,"Lasius.brunneus","Lasius.grandis"
"553",552,0,0,1,1,0,0,1,"Lasius.brunneus",NA
"554",553,0,0,1,1,0,0,1,"Lasius.grandis",NA
"555",554,0,0,1,1,0,0,1,"Myrmecocystus.depilis",NA
"556",555,0,0,1,1,0,0,1,"Lasius.reginae",NA
"557",556,0.014,0.0014,0.99,0.982,0.0072,0.1272,0.8656,"Lasius.fuliginosus","Lasius.carniolicus"
"558",557,0.012,0.0014,0.99,0.9844,0.0056,0.1112,0.8832,"Lasius.fuliginosus","Lasius.myops"
"559",558,0,0,1,1,0,0,1,"Lasius.fuliginosus",NA
"560",559,0,0,1,1,0,0,1,"Lasius.myops",NA
"561",560,0,0,1,1,0,1,0,"Lasius.carniolicus",NA
"562",561,0.046,0.0036,0.972,0.9456,0.0472,0.3356,0.6172,"Nylanderia.fulva","Prenolepis.nitens"
"563",562,0.042,0.0036,0.973,0.9496,0.0438,0.3502,0.606,"Nylanderia.fulva","Paratrechina.longicornis"
"564",563,0,0,1,1,0,0,1,"Nylanderia.fulva",NA
"565",564,0,0,1,1,0,1,0,"Paratrechina.longicornis",NA
"566",565,0.002,0.0012,0.998,0.9966,0.0016,0.421,0.5774,"Prenolepis.imparis","Prenolepis.nitens"
"567",566,0,0,1,1,0,1,0,"Prenolepis.imparis",NA
"568",567,0,0,1,1,0,0,1,"Prenolepis.nitens",NA
"569",568,0.026,0.0134,0.978,0.9574,0.0754,0.8154,0.1092,"Brachymyrmex.depilis","Brachymyrmex.patagonicus"
"570",569,0,0,1,1,0,1,0,"Brachymyrmex.depilis",NA
"571",570,0,0,1,1,0,1,0,"Brachymyrmex.patagonicus",NA
"572",571,0.66,0.9894,0.44,0.5414,0.2748,0.3386,0.3866,"Leptomyrmex.fragilis","Nothomyrmecia.macrops"
"573",572,0.402,0.931,0.653,0.6996,0.2626,0.3432,0.3942,"Leptomyrmex.fragilis","Aneuretus.simoni"
"574",573,0.074,0.0194,0.932,0.947,0.061,0.3438,0.5952,"Leptomyrmex.fragilis","Technomyrmex.albipes"
"575",574,0.051,0.0058,0.956,0.9586,0.0506,0.3372,0.6122,"Leptomyrmex.fragilis","Dolichoderus.thoracicus"
"576",575,0.042,0.0038,0.966,0.9636,0.0462,0.3304,0.6234,"Leptomyrmex.fragilis","Azteca.forelii"
"577",576,0.041,0.0038,0.968,0.9646,0.0504,0.3872,0.5624,"Leptomyrmex.fragilis","Dorymyrmex.bureni"
"578",577,0.022,0.0026,0.987,0.976,0.0498,0.7902,0.16,"Leptomyrmex.fragilis","Leptomyrmex.erythrocephalus"
"579",578,0.02,0.0026,0.991,0.979,0.0438,0.8386,0.1176,"Leptomyrmex.fragilis","Leptomyrmex.unicolor"
"580",579,0.003,6e-04,0.997,0.9956,0.0142,0.9662,0.0196,"Leptomyrmex.fragilis","Leptomyrmex.nigriventris"
"581",580,0,0,1,1,0,1,0,"Leptomyrmex.fragilis",NA
"582",581,0,0,1,1,0,1,0,"Leptomyrmex.nigriventris",NA
"583",582,0,0,1,1,0,1,0,"Leptomyrmex.unicolor",NA
"584",583,0,0,1,1,0,1,0,"Leptomyrmex.erythrocephalus",NA
"585",584,0.031,0.0032,0.971,0.9718,0.09,0.4554,0.4546,"Forelius.damiani","Dorymyrmex.bureni"
"586",585,0.017,0.0032,0.979,0.9764,0.1524,0.4492,0.3984,"Forelius.damiani","Forelius.pruinosus"
"587",586,0,0,1,1,1,0,0,"Forelius.damiani",NA
"588",587,0,0,1,1,0,0,1,"Forelius.pruinosus",NA
"589",588,0,0,1,1,0,1,0,"Dorymyrmex.bureni",NA
"590",589,0.041,0.0038,0.966,0.9634,0.0448,0.2952,0.66,"Iridomyrmex.purpureus","Azteca.forelii"
"591",590,0.037,0.0038,0.966,0.9662,0.0396,0.2688,0.6916,"Iridomyrmex.purpureus","Linepithema.humile"
"592",591,0.016,0.0024,0.989,0.9792,0.0084,0.129,0.8626,"Iridomyrmex.purpureus","Ochetellus.glaber"
"593",592,0,0,1,1,0,0,1,"Iridomyrmex.purpureus",NA
"594",593,0,0,1,1,0,0,1,"Ochetellus.glaber",NA
"595",594,0,0,1,1,0,0,1,"Linepithema.humile",NA
"596",595,0,0,1,1,0,0,1,"Azteca.forelii",NA
"597",596,0.036,0.0058,0.965,0.9612,0.0422,0.356,0.6018,"Dolichoderus.attelaboides","Dolichoderus.thoracicus"
"598",597,0.032,0.0058,0.969,0.963,0.0488,0.5058,0.4454,"Dolichoderus.attelaboides","Dolichoderus.quadripunctatus"
"599",598,0,0,1,1,0,1,0,"Dolichoderus.attelaboides",NA
"600",599,0,0,1,1,0,1,0,"Dolichoderus.quadripunctatus",NA
"601",600,0.028,0.0052,0.971,0.9702,0.027,0.2604,0.7126,"Dolichoderus.mariae","Dolichoderus.thoracicus"
"602",601,0,0,1,1,0,0,1,"Dolichoderus.mariae",NA
"603",602,0,0,1,1,0,0,1,"Dolichoderus.thoracicus",NA
"604",603,0.062,0.0122,0.949,0.9514,0.0526,0.3534,0.594,"Tapinoma.erraticum","Technomyrmex.albipes"
"605",604,0.047,0.0038,0.962,0.9614,0.0428,0.4154,0.5418,"Tapinoma.erraticum","Liometopum.occidentale"
"606",605,0.036,0.0012,0.972,0.9662,0.0442,0.7164,0.2394,"Tapinoma.erraticum","Tapinoma.subboreale"
"607",606,0.033,6e-04,0.973,0.9688,0.043,0.7666,0.1904,"Tapinoma.erraticum","Tapinoma.melanocephalum"
"608",607,0.018,6e-04,0.984,0.9824,0.0316,0.8822,0.0862,"Tapinoma.erraticum","Tapinoma.nigerrimum"
"609",608,0,0,1,1,0,1,0,"Tapinoma.erraticum",NA
"610",609,0,0,1,1,0,1,0,"Tapinoma.nigerrimum",NA
"611",610,0.027,6e-04,0.976,0.971,0.0442,0.8088,0.147,"Tapinoma.madeirense","Tapinoma.melanocephalum"
"612",611,0,0,1,1,0,1,0,"Tapinoma.madeirense",NA
"613",612,0,0,1,1,0,1,0,"Tapinoma.melanocephalum",NA
"614",613,0.015,0.0012,0.988,0.9862,0.0326,0.8896,0.0778,"Tapinoma.minutum","Tapinoma.subboreale"
"615",614,0.011,0.0012,0.99,0.988,0.029,0.9054,0.0656,"Tapinoma.minutum","Tapinoma.sessile"
"616",615,0,0,1,1,0,1,0,"Tapinoma.minutum",NA
"617",616,0,0,1,1,0,1,0,"Tapinoma.sessile",NA
"618",617,0,0,1,1,0,1,0,"Tapinoma.subboreale",NA
"619",618,0.032,0.0032,0.979,0.9732,0.0236,0.2204,0.756,"Liometopum.apiculatum","Liometopum.occidentale"
"620",619,0,0,1,1,0,0,1,"Liometopum.apiculatum",NA
"621",620,0,0,1,1,0,0,1,"Liometopum.occidentale",NA
"622",621,0,0,1,1,0,0,1,"Technomyrmex.albipes",NA
"623",622,0,1,1,1,1,0,0,"Aneuretus.simoni",NA
"624",623,0.635,0.9902,0.509,0.5612,0.3066,0.3512,0.3422,"Pseudomyrmex.ferrugineus","Nothomyrmecia.macrops"
"625",624,0.266,0.9938,0.803,0.8242,0.3176,0.3662,0.3162,"Pseudomyrmex.ferrugineus","Pseudomyrmex.gracilis"
"626",625,0.154,0.9958,0.87,0.8844,0.2328,0.454,0.3132,"Pseudomyrmex.ferrugineus","Pseudomyrmex.satanicus"
"627",626,0.088,0.9966,0.914,0.9244,0.2292,0.5582,0.2126,"Pseudomyrmex.ferrugineus","Pseudomyrmex.tenuis"
"628",627,0.057,0.9982,0.923,0.9472,0.2402,0.5878,0.172,"Pseudomyrmex.ferrugineus","Pseudomyrmex.termitarius"
"629",628,0.055,0.9982,0.923,0.9486,0.248,0.5846,0.1674,"Pseudomyrmex.ferrugineus","Pseudomyrmex.pallidus"
"630",629,0.033,0.9986,0.967,0.9696,0.2082,0.6064,0.1854,"Pseudomyrmex.ferrugineus","Tetraponera.rufonigra"
"631",630,0.024,0.9986,0.976,0.9752,0.0942,0.6258,0.28,"Pseudomyrmex.ferrugineus","Pseudomyrmex.peperi"
"632",631,0,1,1,1,0,1,0,"Pseudomyrmex.ferrugineus",NA
"633",632,0,1,1,1,0,0,1,"Pseudomyrmex.peperi",NA
"634",633,0.018,0.9992,0.982,0.9836,0.2848,0.6564,0.0588,"Pseudomyrmex.oculatus","Tetraponera.rufonigra"
"635",634,0,1,1,1,1,0,0,"Pseudomyrmex.oculatus",NA
"636",635,0,1,0.991,1,0,1,0,"Tetraponera.rufonigra",NA
"637",636,0,1,0.861,1,1,0,0,"Pseudomyrmex.pallidus",NA
"638",637,0.04,0.9982,0.933,0.9638,0.1568,0.7028,0.1404,"Pseudomyrmex.concolor","Pseudomyrmex.termitarius"
"639",638,0,1,0.919,1,0,1,0,"Pseudomyrmex.concolor",NA
"640",639,0,1,1,1,0,1,0,"Pseudomyrmex.termitarius",NA
"641",640,0,1,1,1,0,1,0,"Pseudomyrmex.tenuis",NA
"642",641,0,1,1,1,0,0,1,"Pseudomyrmex.satanicus",NA
"643",642,0.161,0.9956,0.89,0.8898,0.3896,0.3406,0.2698,"Pseudomyrmex.ejectus","Pseudomyrmex.gracilis"
"644",643,0.159,0.9956,0.891,0.8914,0.3888,0.3422,0.269,"Pseudomyrmex.ejectus","Pseudomyrmex.penetrator"
"645",644,0.097,0.9964,0.916,0.9148,0.379,0.3524,0.2686,"Pseudomyrmex.ejectus","Pseudomyrmex.spinicola"
"646",645,0,1,1,1,1,0,0,"Pseudomyrmex.ejectus",NA
"647",646,0,1,1,1,0,0,1,"Pseudomyrmex.spinicola",NA
"648",647,0.116,0.9962,0.913,0.9098,0.3846,0.3662,0.2492,"Pseudomyrmex.elongatus","Pseudomyrmex.penetrator"
"649",648,0,1,1,1,1,0,0,"Pseudomyrmex.elongatus",NA
"650",649,0,1,1,1,0,0,1,"Pseudomyrmex.penetrator",NA
"651",650,0,1,1,1,1,0,0,"Pseudomyrmex.gracilis",NA
"652",651,0.658,0.9914,0.485,0.2036,0.4406,0.3986,0.1608,"Myrmecia.pyriformis","Nothomyrmecia.macrops"
"653",652,1,1,1,0,0,1,0,"Myrmecia.pyriformis",NA
"654",653,0,1,0,0,1,0,0,"Nothomyrmecia.macrops",NA
"655",654,0.248,0.9928,0.089,0.1088,0.1418,0.3624,0.4958,"Eciton.hamatum","Ooceraea.biroi"
"656",655,0.165,0.9936,0.122,0.0902,0.0868,0.307,0.6062,"Eciton.hamatum","Dorylus.wilverthi"
"657",656,0.133,0.9942,0.264,0.0856,0.078,0.299,0.623,"Eciton.hamatum","Aenictus.laeviceps"
"658",657,0.045,0.9978,0.877,0.0856,0.0194,0.167,0.8136,"Eciton.hamatum","Labidus.praedator"
"659",658,0.026,0.9982,0.954,0.0912,0.0086,0.1168,0.8746,"Eciton.hamatum","Labidus.coecus"
"660",659,0.02,0.9982,0.96,0.0342,0.0054,0.0976,0.897,"Eciton.hamatum","Nomamyrmex.esenbeckii"
"661",660,0.011,0.9998,0.977,0.0084,0.0034,0.0498,0.9468,"Eciton.hamatum","Eciton.vagans"
"662",661,0,1,0.985,0,0,6e-04,0.9994,"Eciton.hamatum","Eciton.mexicanum"
"663",662,0,1,0.985,0,0,6e-04,0.9994,"Eciton.hamatum","Eciton.rapax"
"664",663,0,1,0.985,0,0,0,1,"Eciton.hamatum",NA
"665",664,0,1,0.984,0,0,0,1,"Eciton.rapax",NA
"666",665,0,1,0.985,0,0,0,1,"Eciton.mexicanum",NA
"667",666,0.01,1,0.98,0.0058,0.0016,0.04,0.9584,"Eciton.burchellii","Eciton.vagans"
"668",667,0,1,0.991,0,0,0,1,"Eciton.burchellii",NA
"669",668,0,1,0.984,0,0,0,1,"Eciton.vagans",NA
"670",669,0,1,0.972,0,0,0,1,"Nomamyrmex.esenbeckii",NA
"671",670,0,1,1,1,0,0,1,"Labidus.coecus",NA
"672",671,0.034,0.9982,0.946,0.0962,0.0092,0.1136,0.8772,"Neivamyrmex.nigrescens","Labidus.praedator"
"673",672,0.025,0.9982,0.95,0.065,0.0092,0.106,0.8848,"Neivamyrmex.nigrescens","Neivamyrmex.opacithorax"
"674",673,0,1,0.992,0,0,0,1,"Neivamyrmex.nigrescens","Neivamyrmex.texanus"
"675",674,0,1,0.992,0,0,0,1,"Neivamyrmex.nigrescens",NA
"676",675,0,1,0.992,0,0,0,1,"Neivamyrmex.texanus",NA
"677",676,0,1,0.97,0,0,0,1,"Neivamyrmex.opacithorax",NA
"678",677,0,1,1,1,0,0,1,"Labidus.praedator",NA
"679",678,0,1,0.411,0,0,0,1,"Aenictus.laeviceps",NA
"680",679,0.056,0.9962,0.104,0.0594,0.041,0.253,0.706,"Dorylus.laevigatus","Dorylus.wilverthi"
"681",680,0,1,0,0,0,0,1,"Dorylus.laevigatus",NA
"682",681,0,1,0.298,0,0,0,1,"Dorylus.wilverthi",NA
"683",682,0.209,0.993,0.081,0.1078,0.1572,0.4298,0.413,"Cerapachys.sulcinodis","Ooceraea.biroi"
"684",683,0,1,0,0,0,1,0,"Cerapachys.sulcinodis",NA
"685",684,0,1,0,0,0,1,0,"Ooceraea.biroi",NA
"686",685,0.755,0.9944,0.03,0.0748,0.5708,0.2648,0.1644,"Anochetus.diegensis","Proceratium.pergandei"
"687",686,0.756,0.9944,0.029,0.0702,0.5886,0.2554,0.156,"Anochetus.diegensis","Apomyrma.stygia"
"688",687,0.785,0.9954,0.028,0.0718,0.6186,0.2456,0.1358,"Anochetus.diegensis","Tatuidris.tatusia"
"689",688,0.967,0.9958,0.025,0.067,0.6736,0.2286,0.0978,"Anochetus.diegensis","Platythyrea.tricuspidata"
"690",689,0.969,0.9962,0.029,0.0694,0.6956,0.2316,0.0728,"Anochetus.diegensis","Harpegnathos.saltator"
"691",690,0.969,0.9964,0.031,0.0734,0.6996,0.2306,0.0698,"Anochetus.diegensis","Hypoponera.eduardi"
"692",691,0.962,0.9976,0.035,0.0728,0.6638,0.2824,0.0538,"Anochetus.diegensis","Myopias.julivora"
"693",692,0.966,0.9976,0.038,0.0774,0.6004,0.348,0.0516,"Anochetus.diegensis","Leptogenys.schwabi"
"694",693,0.936,0.9976,0.102,0.1288,0.5332,0.415,0.0518,"Anochetus.diegensis","Brachyponera.chinensis"
"695",694,0.936,0.9976,0.102,0.1682,0.5306,0.4226,0.0468,"Anochetus.diegensis","Streblognathus.aethiopicus"
"696",695,0.156,0.9988,0.26,0.1878,0.4526,0.5096,0.0378,"Anochetus.diegensis","Odontomachus.troglodytes"
"697",696,0.09,0.9992,0.391,0.203,0.3678,0.596,0.0362,"Anochetus.diegensis","Odontomachus.brunneus"
"698",697,0.086,0.9992,0.397,0.2028,0.3626,0.599,0.0384,"Anochetus.diegensis","Odontomachus.opaciventris"
"699",698,0.077,0.9992,0.394,0.1718,0.3452,0.613,0.0418,"Anochetus.diegensis","Odontomachus.chelifer"
"700",699,0.067,0.9992,0.397,0.176,0.3426,0.6136,0.0438,"Anochetus.diegensis","Odontomachus.affinis"
"701",700,0.048,0.9984,0.33,0.0472,0.3984,0.5686,0.033,"Anochetus.diegensis","Odontomachus.clarus"
"702",701,0,1,0.331,0,1,0,0,"Anochetus.diegensis",NA
"703",702,0,1,0.284,0,0,1,0,"Odontomachus.clarus",NA
"704",703,0,1,1,1,0,1,0,"Odontomachus.affinis",NA
"705",704,0,1,0.381,0,0,1,0,"Odontomachus.chelifer",NA
"706",705,0.062,0.9992,0.579,0.2772,0.371,0.5938,0.0352,"Anochetus.bequaerti","Odontomachus.opaciventris"
"707",706,0.033,0.9992,0.642,0.0298,0.9114,0.0862,0.0024,"Anochetus.bequaerti","Anochetus.kempfi"
"708",707,0,1,0.611,0,1,0,0,"Anochetus.bequaerti",NA
"709",708,0,1,1,0,1,0,0,"Anochetus.kempfi",NA
"710",709,0.062,0.9992,0.582,0.3572,0.3648,0.6004,0.0348,"Odontomachus.hastatus","Odontomachus.opaciventris"
"711",710,0,1,1,1,0,1,0,"Odontomachus.hastatus",NA
"712",711,0,1,0.636,1,0,1,0,"Odontomachus.opaciventris",NA
"713",712,0.087,0.9992,0.417,0.238,0.3514,0.61,0.0386,"Anochetus.levaillanti","Odontomachus.brunneus"
"714",713,0.077,0.9992,0.52,0.3394,0.3484,0.6062,0.0454,"Anochetus.levaillanti","Odontomachus.bauri"
"715",714,0.05,0.9998,0.542,0.3466,0.4026,0.5612,0.0362,"Anochetus.levaillanti","Odontomachus.haematodus"
"716",715,0,1,0.465,0,1,0,0,"Anochetus.levaillanti",NA
"717",716,0,1,1,1,0,1,0,"Odontomachus.haematodus",NA
"718",717,0,1,1,1,0,1,0,"Odontomachus.bauri",NA
"719",718,0.079,0.9992,0.423,0.2584,0.29,0.663,0.047,"Anochetus.faurei","Odontomachus.brunneus"
"720",719,0,1,0.459,0,0,1,0,"Anochetus.faurei",NA
"721",720,0,1,0.512,1,0,1,0,"Odontomachus.brunneus",NA
"722",721,0.111,0.9992,0.259,0.1914,0.4996,0.4628,0.0376,"Anochetus.katonae","Odontomachus.troglodytes"
"723",722,0.08,0.9992,0.236,0.0706,0.7942,0.189,0.0168,"Anochetus.katonae","Odontomachus.laticeps"
"724",723,0,1,0.239,0,1,0,0,"Anochetus.katonae",NA
"725",724,0,1,0.248,0,1,0,0,"Odontomachus.laticeps",NA
"726",725,0,1,0.533,1,0,1,0,"Odontomachus.troglodytes",NA
"727",726,0.942,0.9976,0.095,0.2136,0.5572,0.3978,0.045,"Megaponera.analis","Streblognathus.aethiopicus"
"728",727,0.939,0.9976,0.095,0.2128,0.5516,0.4028,0.0456,"Megaponera.analis","Mesoponera.caffraria"
"729",728,0.941,0.998,0.029,0.0604,0.2742,0.6596,0.0662,"Megaponera.analis","Ophthalmopone.berthoudi"
"730",729,0,1,0,0,0,1,0,"Megaponera.analis",NA
"731",730,1,1,0,0,0,1,0,"Ophthalmopone.berthoudi",NA
"732",731,0,1,1,1,1,0,0,"Mesoponera.caffraria",NA
"733",732,1,1,0,1,1,0,0,"Streblognathus.aethiopicus",NA
"734",733,0,1,1,0,0,1,0,"Brachyponera.chinensis",NA
"735",734,0.976,0.9974,0.033,0.0724,0.597,0.3456,0.0574,"Leptogenys.peuqueti","Leptogenys.schwabi"
"736",735,1,1,0,0,1,0,0,"Leptogenys.peuqueti",NA
"737",736,1,1,0,0,0,1,0,"Leptogenys.schwabi",NA
"738",737,0.243,0.9982,0.059,0.0466,0.8398,0.1402,0.02,"Myopias.concava","Myopias.julivora"
"739",738,0,1,0.138,0,1,0,0,"Myopias.concava",NA
"740",739,0,1,0.088,0,1,0,0,"Myopias.julivora",NA
"741",740,0.968,0.9964,0.035,0.0772,0.7014,0.2324,0.0662,"Dinoponera.gigantea","Hypoponera.eduardi"
"742",741,0.969,0.9968,0.032,0.084,0.736,0.2134,0.0506,"Dinoponera.gigantea","Diacamma.rugosum"
"743",742,0.969,0.9978,0.028,0.1132,0.7276,0.2268,0.0456,"Dinoponera.gigantea","Thaumatomyrmex.contumax"
"744",743,0.96,0.9984,0.032,0.4908,0.595,0.3682,0.0368,"Dinoponera.gigantea","Neoponera.obscuricornis"
"745",744,0.961,0.9984,0.039,0.4834,0.5734,0.4018,0.0248,"Dinoponera.gigantea","Pachycondyla.striata"
"746",745,0.997,0.9994,0.016,0.0516,0.9016,0.0936,0.0048,"Dinoponera.gigantea","Dinoponera.quadriceps"
"747",746,0.999,0.9998,0.007,0.0162,0.952,0.0462,0.0018,"Dinoponera.gigantea","Dinoponera.grandis"
"748",747,1,1,0,0,1,0,0,"Dinoponera.gigantea",NA
"749",748,1,1,0,0,1,0,0,"Dinoponera.grandis",NA
"750",749,1,1,0,0,1,0,0,"Dinoponera.quadriceps",NA
"751",750,0.362,0.9984,0.505,0.7898,0.312,0.661,0.027,"Pachycondyla.harpax","Pachycondyla.striata"
"752",751,0,1,0.609,1,0,1,0,"Pachycondyla.harpax",NA
"753",752,0,1,1,1,0,1,0,"Pachycondyla.striata",NA
"754",753,0.921,0.9988,0.031,0.5948,0.5538,0.41,0.0362,"Neoponera.apicalis","Neoponera.obscuricornis"
"755",754,0.28,0.9988,0.028,0.8458,0.4922,0.4706,0.0372,"Neoponera.apicalis","Neoponera.villosa"
"756",755,0.21,0.9988,0.036,0.8834,0.498,0.4704,0.0316,"Neoponera.apicalis","Neoponera.verenae"
"757",756,0,1,0,1,1,0,0,"Neoponera.apicalis",NA
"758",757,0,1,1,1,0,1,0,"Neoponera.verenae",NA
"759",758,0,1,0,1,0,1,0,"Neoponera.villosa",NA
"760",759,0.924,0.9994,0.12,0.5604,0.5594,0.4226,0.018,"Neoponera.commutata","Neoponera.obscuricornis"
"761",760,0,1,0.228,0,0,1,0,"Neoponera.commutata",NA
"762",761,1,1,0.159,1,1,0,0,"Neoponera.obscuricornis",NA
"763",762,0.976,0.9978,0.028,0.0824,0.779,0.1854,0.0356,"Thaumatomyrmex.atrox","Thaumatomyrmex.contumax"
"764",763,1,1,0,0,1,0,0,"Thaumatomyrmex.atrox",NA
"765",764,1,1,0,0,1,0,0,"Thaumatomyrmex.contumax",NA
"766",765,0.959,0.9972,0.041,0.0938,0.789,0.1752,0.0358,"Cryptopone.motschulskyi","Diacamma.rugosum"
"767",766,0.363,0.9974,0.046,0.0568,0.8466,0.1328,0.0206,"Cryptopone.motschulskyi","Ponera.testacea"
"768",767,0.112,0.9984,0.067,0.031,0.9142,0.0782,0.0076,"Cryptopone.motschulskyi","Cryptopone.gilva"
"769",768,0.098,0.9984,0.054,0.0282,0.9224,0.0716,0.006,"Cryptopone.motschulskyi","Cryptopone.sauteri"
"770",769,0,1,0.092,0,1,0,0,"Cryptopone.motschulskyi",NA
"771",770,0,1,0,0,1,0,0,"Cryptopone.sauteri",NA
"772",771,0,1,1,0,1,0,0,"Cryptopone.gilva",NA
"773",772,0.133,0.9982,0.102,0.0364,0.9098,0.0812,0.009,"Ponera.coarctata","Ponera.testacea"
"774",773,0.011,0.9996,0.654,0.005,0.9858,0.0142,0,"Ponera.coarctata","Ponera.exotica"
"775",774,0,1,1,0,1,0,0,"Ponera.coarctata",NA
"776",775,0,1,0.642,0,1,0,0,"Ponera.exotica",NA
"777",776,0.049,0.9986,0.083,0.015,0.9574,0.04,0.0026,"Ponera.pennsylvanica","Ponera.testacea"
"778",777,0,1,0.09,0,1,0,0,"Ponera.pennsylvanica",NA
"779",778,0,1,0.092,0,1,0,0,"Ponera.testacea",NA
"780",779,1,1,0.327,1,1,0,0,"Diacamma.rugosum",NA
"781",780,0.774,0.9952,0.156,0.0978,0.6214,0.303,0.0756,"Centromyrmex.sellaris","Hypoponera.eduardi"
"782",781,0,1,0.587,0,0,1,0,"Centromyrmex.sellaris",NA
"783",782,0,1,1,1,0,1,0,"Hypoponera.eduardi",NA
"784",783,1,1,0,0,1,0,0,"Harpegnathos.saltator",NA
"785",784,0.987,0.9968,0.024,0.0514,0.7766,0.1678,0.0556,"Platythyrea.modesta","Platythyrea.tricuspidata"
"786",785,0.988,0.9968,0.022,0.0456,0.7798,0.1686,0.0516,"Platythyrea.modesta","Platythyrea.punctata"
"787",786,0.988,0.9974,0.017,0.0406,0.7914,0.167,0.0416,"Platythyrea.modesta","Platythyrea.quadridenta"
"788",787,0.988,0.9982,0.017,0.04,0.7936,0.166,0.0404,"Platythyrea.modesta","Platythyrea.lamellosa"
"789",788,0.987,0.9976,0.016,0.0402,0.8036,0.161,0.0354,"Platythyrea.modesta","Platythyrea.parallela"
"790",789,1,1,0,0,1,0,0,"Platythyrea.modesta",NA
"791",790,1,1,0,0,1,0,0,"Platythyrea.parallela",NA
"792",791,1,1,0.033,0,0,1,0,"Platythyrea.lamellosa",NA
"793",792,1,1,0,0,1,0,0,"Platythyrea.quadridenta",NA
"794",793,1,1,0,0,1,0,0,"Platythyrea.punctata",NA
"795",794,0.985,0.9964,0.027,0.054,0.7862,0.166,0.0478,"Platythyrea.schultzei","Platythyrea.tricuspidata"
"796",795,1,1,0,0,1,0,0,"Platythyrea.schultzei",NA
"797",796,1,1,0,0,1,0,0,"Platythyrea.tricuspidata",NA
"798",797,0.517,0.9936,0.069,0.1434,0.5986,0.2774,0.124,"Paraponera.clavata","Tatuidris.tatusia"
"799",798,0,1,1,1,0,1,0,"Paraponera.clavata",NA
"800",799,0,1,0,0,1,0,0,"Tatuidris.tatusia",NA
"801",800,0.515,0.9944,0.029,0.0748,0.5604,0.299,0.1406,"Prionopelta.amabilis","Apomyrma.stygia"
"802",801,0.14,0.9962,0.021,0.0466,0.4214,0.4528,0.1258,"Prionopelta.amabilis","Amblyopone.australis"
"803",802,0.109,0.9964,0.019,0.0428,0.422,0.4594,0.1186,"Prionopelta.amabilis","Onychomyrmex.hedleyi"
"804",803,0.077,0.9972,0.018,0.0412,0.4668,0.44,0.0932,"Prionopelta.amabilis","Prionopelta.opaca"
"805",804,0,1,0,0,0,1,0,"Prionopelta.amabilis",NA
"806",805,0,1,0,0,1,0,0,"Prionopelta.opaca",NA
"807",806,0,1,0.061,0,0,1,0,"Onychomyrmex.hedleyi",NA
"808",807,0,1,0,0,0,1,0,"Amblyopone.australis",NA
"809",808,0,1,0.021,0,1,0,0,"Apomyrma.stygia",NA
"810",809,0.233,0.995,0.019,0.051,0.6896,0.2354,0.075,"Probolomyrmex.boliviensis","Proceratium.pergandei"
"811",810,0.186,0.9956,0.018,0.0474,0.7178,0.2242,0.058,"Probolomyrmex.boliviensis","Discothyrea.sauteri"
"812",811,0.125,0.9948,0.017,0.0442,0.7994,0.1698,0.0308,"Probolomyrmex.boliviensis","Probolomyrmex.longinodus"
"813",812,0.093,0.9956,0.017,0.048,0.835,0.14,0.025,"Probolomyrmex.boliviensis","Probolomyrmex.dammermani"
"814",813,0,1,0,0,1,0,0,"Probolomyrmex.boliviensis",NA
"815",814,0,1,0,0,1,0,0,"Probolomyrmex.dammermani",NA
"816",815,0,1,0.008,0,1,0,0,"Probolomyrmex.longinodus",NA
"817",816,0.101,0.9954,0.025,0.051,0.6488,0.292,0.0592,"Discothyrea.kamiteta","Discothyrea.sauteri"
"818",817,0,1,0.07,0,1,0,0,"Discothyrea.kamiteta",NA
"819",818,0,1,0,0,0,1,0,"Discothyrea.sauteri",NA
"820",819,0.079,0.9976,0.019,0.0242,0.6952,0.2578,0.047,"Proceratium.goliath","Proceratium.pergandei"
"821",820,0.065,0.9976,0.019,0.0234,0.6436,0.3096,0.0468,"Proceratium.goliath","Proceratium.silaceum"
"822",821,0.054,0.9976,0.02,0.0242,0.4462,0.4952,0.0586,"Proceratium.goliath","Proceratium.itoi"
"823",822,0,1,0.061,0,0,1,0,"Proceratium.goliath",NA
"824",823,0,1,0.049,0,0,1,0,"Proceratium.itoi",NA
"825",824,0,1,0,0,1,0,0,"Proceratium.silaceum",NA
"826",825,0.032,0.9988,0.007,0.0136,0.8896,0.0996,0.0108,"Proceratium.croceum","Proceratium.pergandei"
"827",826,0,1,0,0,1,0,0,"Proceratium.croceum",NA
"828",827,0,1,0,0,1,0,0,"Proceratium.pergandei",NA
"829",828,0.308,0.9884,0.056,0.1354,0.4596,0.3692,0.1712,"Leptanilla.japonica","Protanilla.lini"
"830",829,0,1,0,0,0,1,0,"Leptanilla.japonica",NA
"831",830,0,1,0.15,0,1,0,0,"Protanilla.lini",NA
